,random unit sphere,random unit hypercube,random unit simplex,"random unit circular cylinder, height 10"
mean,1.9981444681349596,8.29266415628559,0.03857041091780974,18.583447255386417
stddev,0.28995828118403233,1.415489531875659,0.009316378784764889,19.75289119794061
median,2.000092973183148,8.248655278844065,0.03768225650171096,10.484148621828075
min,0.846060952909506,2.9507946930362507,0.010445723190594489,0.7643409214820736
max,3.1941881099723783,15.853787962450589,0.09642294692902156,101.90293339939464
